{
  "beta": 1.42465,
  "gamma": 0.07142,
  "sigma": 0.1,
  "mu": 0.00273,
  "Y0": [990, 0, 10, 0],
  "tmax": 20
}
